{
  "experiment": "E3_parameter_importance",
  "sweeps": {
    "similarity_threshold": {
      "values": [
        0.0,
        0.1,
        0.2,
        0.3,
        0.5,
        0.7
      ],
      "mean_halflives": [
        500.0,
        391.2,
        252.8,
        172.0,
        70.2,
        12.4
      ]
    },
    "decay_rate": {
      "values": [
        0.9,
        0.95,
        0.99,
        0.995,
        0.999
      ],
      "mean_halflives": [
        13.2,
        49.0,
        380.2,
        500.0,
        500.0
      ]
    },
    "poison_similarity": {
      "values": [
        0.5,
        0.6,
        0.7,
        0.8,
        0.9,
        0.95
      ],
      "mean_halflives": [
        500.0,
        500.0,
        500.0,
        500.0,
        500.0,
        500.0
      ]
    },
    "context_window_k": {
      "values": [
        1,
        3,
        5,
        10,
        20
      ],
      "mean_halflives": [
        500.0,
        500.0,
        500.0,
        500.0,
        500.0
      ]
    }
  },
  "r_squared": {
    "similarity_threshold": 0.9212186535743493,
    "decay_rate": 0.8471560878970955,
    "poison_similarity": 0.0,
    "context_window_k": 0.0
  },
  "h3_test": {
    "strongest_predictor": "similarity_threshold",
    "strongest_r_squared": 0.9212186535743493,
    "embedding_threshold_r_squared": 0.9212186535743493,
    "verdict": "SUPPORTED"
  }
}